COUNTRY,Country,Countrycode,Year,Total international arrivals,Total tourism employment (direct) as % of total employment,Pollution,GDP per capita,Total international expenditure,Goverment Effectiveness,Total Domestic Trip,Percent of total protected land,Exchange rate,Trade%GDP,Rule of Law,Women Buisness and Law index,Hospital bed,Regulatory quality
AUS,Australia,1,2008,5574400,4.7,,49679.18053,27620,,210753700,10.45484676,1.192178,42.86407277,,81.25,3.82,
AUS,Australia,1,2009,5556800,4.6,,42810.33166,25629.6,,215845100,11.14512594,1.282189,45.74675662,,83.75,3.77,
AUS,Australia,1,2010,5871000,4.6,6.787,52134.30885,31916.5,,225239200,11.46112723,1.090159,40.52033064,,83.75,3.78,
AUS,Australia,1,2011,5871700,4.6,6.712,62596.43217,39381.5,,233126300,12.27406638,0.969463,41.84255109,,91.25,3.79,
AUS,Australia,1,2012,6166500,4.7,7.001,68044.71482,41632.8,1.621290445,248377400,13.95680711,0.965801,43.1667351,1.766857624,91.25,3.75,1.786467791
AUS,Australia,1,2013,6481100,4.7,6.965,68158.57974,42428.3,1.640055418,240118400,15.55184963,1.035843,41.27489915,1.778535247,93.75,3.74,1.800867558
AUS,Australia,1,2014,6921700,4.9,6.877,62513.41122,38774.5,1.607066989,260362000,16.89068424,1.109363,42.47174241,1.923046112,96.875,3.79,1.863708377
AUS,Australia,1,2015,7449200,4.9,6.848,56710.44572,34102.9,1.564190984,269481500,18.27716517,1.33109,41.62310841,1.825072646,96.875,3.82,1.78868413
AUS,Australia,1,2016,8268900,5.1,6.822,49875.56514,35674.6,1.568042636,280324300,19.0224752,1.345214,40.82283483,1.755666971,96.875,3.84,1.896965623
AUS,Australia,1,2017,8815300,5.2,6.673,53936.14025,39644.9,1.538218975,291796700,19.27703691,1.304758,41.95134487,1.686461329,96.875,,1.93341136
AUS,Australia,1,2018,9245600,5.3,6.741,57207.87151,42478,1.595232129,310166200,19.37882219,1.338412,43.38954812,1.715382099,96.875,,1.90270555
AUS,Australia,1,2019,9465900,5,6.749,54941.43418,41367.2,1.571555257,365796900,19.38167621,1.438507,45.8267257,1.734472513,96.875,,1.873689413
AUS,Australia,1,2020,1827700,3.9,,51720.37076,7964.4,1.619163394,236705700,20.33939401,1.453085,44.23343408,1.651188374,96.875,,1.81690371
AUS,Australia,1,2021,246200,,,60443.10916,,,242543000,20.33939401,1.331224,39.87004541,,,,
CAN,Canada,2,2008,27370000,3.6,,46710.50558,34820.1,,,9.318486747,1.067087,67.02360836,,97.5,2.85,
CAN,Canada,2,2009,24696000,3.57,,40876.31015,31663.4,,,9.634374577,1.141535,58.47439182,,97.5,2.8,
CAN,Canada,2,2010,25621000,3.46,7.902,47562.08343,38933.6,,,9.705072057,1.030113,60.2081215,,97.5,2.78,
CAN,Canada,2,2011,25066000,3.45,7.349,52223.69611,43166.7,,,9.949446148,0.989258,62.49873877,,97.5,2.8,
CAN,Canada,2,2012,25318000,3.47,7.611,52669.08996,45144.6,1.765558958,,10.11577008,0.999365,62.59554894,1.763494015,97.5,2.79,1.714615703
CAN,Canada,2,2013,25167000,3.49,7.282,52635.17496,45746.3,1.788949013,,10.45712593,1.030137,62.2310749,1.755872011,97.5,2.72,1.739304066
CAN,Canada,2,2014,25558000,3.54,7.498,50955.99832,44946,1.760505319,,10.48506537,1.104747,64.37866216,1.890623212,97.5,2.67,1.845021725
CAN,Canada,2,2015,27555000,3.57,7.283,43596.13554,40333.6,1.76172936,,10.72933528,1.278786,66.16490207,1.841919899,97.5,2.62,1.717661262
CAN,Canada,2,2016,30142000,3.64,6.207,42315.60371,39178.7,1.78096211,,10.77018539,1.325615,65.36368452,1.841268063,97.5,2.6,1.738819838
CAN,Canada,2,2017,31081000,3.63,7.278,45129.4293,41888,1.857114077,328454000,10.82284544,1.297936,65.10106085,1.806022882,97.5,2.53,1.889669418
CAN,Canada,2,2018,31274000,3.61,7.073,46548.63841,42313.1,1.714915991,278060000,11.26829111,1.295818,66.44771684,1.75656116,97.5,2.55,1.706075788
CAN,Canada,2,2019,32430000,3.59,7.09,46328.67184,43249.3,1.73129344,275418000,11.58154535,1.326793,65.41236208,1.760273457,100,2.52,1.716236472
CAN,Canada,2,2020,5068000,2.8,,43258.26387,13972.4,1.644322991,198032000,11.90463909,1.341153,60.78253044,1.655119181,100,,1.59580493
CAN,Canada,2,2021,4282000,2.62,,51987.93905,10227.479,,202267000,11.90463909,1.253877,61.37327832,,,,
CZE,Czech Republic,3,2008,26628142,4.562,,22804.57768,4749.628,,102880385,20.98586263,17.071667,123.7424991,,88.125,7.21,
CZE,Czech Republic,3,2009,23285335,4.578,,19861.69743,4128.136,,98104921.51,21.08413756,19.063,112.7972445,,88.125,7.14,
CZE,Czech Republic,3,2010,21941385,4.661,20.619,19960.06849,4352.2,,93923931.55,21.08790858,19.09825,128.0289115,,88.125,7.3,
CZE,Czech Republic,3,2011,22810288,4.597,20.929,21871.26608,4855.6,,86236327.77,21.45735376,17.695917,137.8628189,,88.125,7.06,
CZE,Czech Republic,3,2012,25749657,4.532,19.194,19870.80121,4557.5,0.933181524,76328446.38,21.4580394,19.5775,146.5288566,1.028504133,91.25,6.93,1.059090376
CZE,Czech Republic,3,2013,26331541,4.48,18.865,20133.16914,4697.9,0.926239848,75353212.51,21.46192469,19.570583,146.422417,1.030306339,91.25,6.7,1.085485697
CZE,Czech Republic,3,2014,27166498,4.404,18.334,19890.91991,5182,1.038626075,76058502.11,21.46592425,20.7575,157.5749822,1.141128182,91.25,6.68,1.005960822
CZE,Czech Republic,3,2015,29604028,4.423,17.808,17829.69832,4818.4,1.059821129,77816771.46,21.8781076,24.59875,155.1756635,1.137294054,91.25,6.67,1.098858237
CZE,Czech Republic,3,2016,32518778,4.432,16.886,18575.23203,4961.6,1.044983983,85374820.61,21.87833614,24.439917,150.5862673,1.020164251,91.25,6.66,0.986401021
CZE,Czech Republic,3,2017,34701416,4.399,16.919,20636.19995,5509,1.071043134,90164496.19,21.88222143,23.376333,150.5326525,1.124163508,91.25,6.63,1.235234499
CZE,Czech Republic,3,2018,36268459,4.4,17.166,23424.48046,6069.1,0.988708317,85831269.84,21.90953272,21.729917,147.9485233,1.055094004,93.75,6.62,1.275545359
CZE,Czech Republic,3,2019,37201838,4.411,16.965,23664.84786,6033.9,0.955327392,85867211.84,21.91078972,22.93225,141.7710237,1.052832484,93.75,,1.245235443
CZE,Czech Republic,3,2020,10266797,4.157,,22992.87938,3488,0.957014978,62822034.78,21.91078972,23.21025,133.1483198,1.05988121,93.75,,1.241209149
CZE,Czech Republic,3,2021,10014162,,,26821.24523,,,,21.91078972,21.678167,142.5017533,,,,
DNK,Denmark,4,2008,25854545,7.581,,64322.0635,10379.687,,50742676,16.22894161,5.098131,104.8282299,,97.5,3.57,
DNK,Denmark,4,2009,25519879,7.716,,58163.27688,10724.379,,50436886,16.29124665,5.360867,89.75503929,,97.5,3.49,
DNK,Denmark,4,2010,25587375,7.886,13.351,58041.39844,10619.9,,50413172,16.30017636,5.624075,94.09997689,,97.5,3.5,
DNK,Denmark,4,2011,25844558,8.034,13.617,61753.64713,11832.2,,45639014,16.3011911,5.368712,101.2457955,,97.5,3.13,
DNK,Denmark,4,2012,25865893,8.197,10.866,58507.50805,11208.4,1.996294975,45642016,16.30342353,5.792476,103.2409703,1.882328749,100,,1.806774139
DNK,Denmark,4,2013,25794782,8.306,10.488,61191.1937,11871.1,1.951923251,45686150,16.3062648,5.616312,103.0501411,1.911076665,100,3.07,1.809969783
DNK,Denmark,4,2014,27606965,8.343,11.056,62548.98473,12343.4,1.791627884,57700051.35,16.30829428,5.612467,102.2639163,2.105698109,100,2.69,1.687075377
DNK,Denmark,4,2015,27763738,8.5,10.185,53254.85637,10717.8,1.825428724,56963876.67,16.30829428,6.727907,104.0482284,2.051810026,100,2.53,1.734574318
DNK,Denmark,4,2016,28121485,8.8,9.302,54663.99837,10941.5,1.857508659,64365481.62,16.3214859,6.731718,100.1688288,1.924276352,100,2.6,1.575407863
DNK,Denmark,4,2017,29766000,8.9,10.288,57610.09818,11554.6,1.787519097,64888177.71,16.32513897,6.602893,102.9793899,1.847278476,100,2.61,1.62428534
DNK,Denmark,4,2018,30089073,9,9.873,61591.92887,12513.2,1.851263046,63159802.52,16.32513897,6.314619,106.9749964,1.815460563,100,2.43,1.636301875
DNK,Denmark,4,2019,30089073,9.1,9.785,59592.98069,12036.8,1.910211086,67901128.66,16.32513897,6.669447,110.2248286,1.876799226,100,2.6,1.565141201
DNK,Denmark,4,2020,15594193,,,60915.4244,6291.2,1.890868664,64214914.1,16.32513897,6.542152,103.5122596,1.858851552,100,,1.790884018
DNK,Denmark,4,2021,15882554,,,68007.75667,,,65643109.51,16.32513897,6.287113,112.1802539,,,,
FIN,Finland,5,2008,6072000,,,53772.79424,4868.231,,,10.71409123,0.679923,86.18433583,,94.375,6.57,
FIN,Finland,5,2009,5695000,,,47481.48454,4716.278,,,10.72637729,0.716958,70.12330327,,97.5,6.25,
FIN,Finland,5,2010,6182000,,7.353,46505.30318,4647.842,,,10.74008511,0.754309,75.46440739,,97.5,5.85,
FIN,Finland,5,2011,7260000,5.2,7.17,51148.93164,5997.65,,,10.761465,0.718414,78.57958161,,97.5,5.52,
FIN,Finland,5,2012,7636000,5.3,6.484,47708.06128,5843.589,2.220309258,,10.77798949,0.778338,79.17050095,1.951405406,97.5,5.3,1.829248667
FIN,Finland,5,2015,7529000,5.6,5.719,42801.90812,5790.6,1.874041557,,13.07854148,0.901296,71.38254843,2.089484215,97.5,4.35,1.836381435
FIN,Finland,5,2016,7705000,5.5,5.68,43814.02651,6199.8,1.877939224,,13.08286038,0.903421,70.89850035,2.049945593,97.5,3.97,1.817407608
FIN,Finland,5,2017,8314000,5.5,5.334,46412.13648,6710.3,2.018676043,,13.21178357,0.885206,75.05313719,2.069357395,97.5,3.28,1.823054671
FIN,Finland,5,2018,8530000,5.6,5.675,49987.62616,7235.7,2.055258512,45280000,13.22600107,0.846773,78.19216832,2.079443216,97.5,3.61,1.785689831
FRA,France,6,2008,193571000,6.805,,45515.96175,49670.781,,278950000,21.69144861,0.679923,57.39708289,,97.5,6.9,
FRA,France,6,2009,192369000,7.015,,41737.76355,45665.514,,278274000,22.20016248,0.716958,50.46245085,,97.5,6.66,
FRA,France,6,2010,189825709,7.094,14.861,40676.06479,46866.8,,268040000,22.20263969,0.754309,54.86779108,,97.5,6.43,
FRA,France,6,2011,196594694,7.113,14.78,43846.46608,55365,,276752000,22.47167122,0.718414,58.79057642,,97.5,6.36,
FRA,France,6,2012,197522274,7.186,13.529,40870.85236,50222.5,1.380777836,268672882,22.862611,0.778338,59.70205917,1.44349575,97.5,6.34,1.130378962
FRA,France,6,2013,204409807,7.167,13.448,42602.71797,52483.2,1.48932755,265181628,22.91694556,0.752945,59.76405507,1.409796,97.5,6.28,1.157089353
FRA,France,6,2014,206599139,7.223,11.509,43068.54872,58448.7,1.418683171,263859321,23.32289624,0.752728,60.47879652,1.456656337,97.5,6.2,1.078785777
FRA,France,6,2015,203302405,7.266,12.232,36652.92231,47721.2,1.448122144,260037637,23.93340539,0.901296,61.75169393,1.398505688,100,6.13,1.129694223
FRA,France,6,2016,203042247,7.361,11.439,37062.53357,48970.5,1.416433573,255497587,24.1601603,0.903421,61.10014238,1.386725783,100,6.06,1.07032311
FRA,France,6,2017,207274458,7.461,11.387,38781.04949,53595.4,1.348090887,276537090.2,24.57898919,0.885206,62.96184729,1.436407089,100,5.98,1.159510493
FRA,France,6,2018,211997551,7.496,11.492,41557.85486,59241.4,1.458658338,268152198.2,26.15454376,0.846773,64.4379526,1.4344486,100,5.91,1.156291723
FRA,France,6,2019,217876722,,11.367,40494.89829,59785.5,1.372140288,299315053,27.25437564,0.893276,64.14147319,1.407694578,100,,1.440411925
FRA,France,6,2020,117109199,,,39055.28293,31258.6,1.247808337,212547140,27.25437564,0.875506,56.86382289,1.327411413,100,,1.195965648
FRA,France,6,2021,141296758,,,43658.97898,,,252240076,27.25437564,0.845494,60.8396678,,,,
GRC,Greece,7,2008,15938806,11.59,,32127.98319,3940.923,,,30.19034872,0.679923,59.32971553,,85,4.84,
GRC,Greece,7,2009,14914537,11.362,,29828.75602,3387.725,,,31.64037286,0.716958,47.7438466,,85,4.93,
GRC,Greece,7,2010,15007493,11.227,19.152,26716.64883,2878.7,,,35.13803232,0.754309,51.19728572,,88.125,4.48,
GRC,Greece,7,2011,16427247,11.607,19.81,25483.88256,3233.2,,,35.13803232,0.718414,56.83396477,,97.5,4.47,
GRC,Greece,7,2012,16946543,11.704,17.438,21912.99829,3008.8,0.280435979,,35.13945617,0.778338,62.06128479,0.393122524,97.5,4.45,0.526941478
GRC,Greece,7,2013,20111406,11.877,16.77,21787.78776,3768.2,0.360699862,,35.13952397,0.752945,62.87650156,0.472128749,97.5,4.24,0.633416533
GRC,Greece,7,2014,24272388,13.105,15.799,21616.71001,4003.9,0.300470293,,35.13952397,0.752728,66.52632759,0.373975366,97.5,4.24,0.329337507
GRC,Greece,7,2015,26114228,13.656,16.155,18083.87791,3537.9,0.177022308,19024530,35.13952397,0.901296,65.27769247,0.276941806,97.5,4.25,0.409622997
GRC,Greece,7,2016,28070833,14.371,14.54,17923.96681,3410.9,0.157725841,17154435,35.13952397,0.903421,64.01919798,0.135324389,97.5,4.2,0.148386851
GRC,Greece,7,2017,30161033,14.333,14.511,18582.08934,3298.4,0.274148047,24650386,35.13952397,0.885206,71.57895054,0.074952818,97.5,4.21,0.240027234
GRC,Greece,7,2018,33072157,14.14,14.586,19756.99046,3913.7,0.290797323,26300574,35.13952397,0.846773,80.15002656,0.139280006,97.5,4.2,0.413777947
GRC,Greece,7,2019,34004558,14.421,14.32,19144.28439,4214.2,0.349024355,27879084,35.13952397,0.893276,81.88422615,0.183785155,97.5,,0.52993691
GRC,Greece,7,2020,7405846,13.825,,17658.9473,1508.7,0.444480121,23506625,35.13952397,0.875506,71.67084493,0.320269883,97.5,,0.550014436
GRC,Greece,7,2021,15246123,12.959,,20192.5963,2236.073,,21899414,35.13952397,0.845494,89.46090242,,,,
HUN,Hungary,8,2008,12653000,8.7,,15772.33008,3747.271,,,17.44524277,172.113333,158.3252978,,81.875,7.11,
HUN,Hungary,8,2009,12670000,8.55,,13077.30547,3209.621,,,17.45442941,202.341667,144.9998974,,91.25,7.14,
HUN,Hungary,8,2010,13362000,8.64,20.212,13217.5046,2914.1,,,22.43919892,207.944167,157.4649138,,93.75,7.18,
HUN,Hungary,8,2011,13620000,9.01,20.937,14234.47158,3027.1,,,22.55849636,201.055,166.4331831,,93.75,7.19,
HUN,Hungary,8,2012,14878000,9.23,18.586,12984.83657,2459.1,0.623061538,,22.60829763,225.104167,165.6486679,0.61634928,96.875,7,0.98797065
HUN,Hungary,8,2013,14836000,9.1,17.641,13715.07036,2528.1,0.692690313,,22.6188381,223.695,164.3461104,0.588275015,96.875,7.04,0.906184733
HUN,Hungary,8,2014,17253000,9.2,17.676,14294.25842,2707.6,0.594065666,,22.61922491,232.601667,168.3945965,0.50978303,96.875,6.98,0.751990259
HUN,Hungary,8,2015,20189000,10.02,17.688,12717.0386,2457.1,0.548941076,45532308,22.61961171,279.3325,167.320445,0.407312751,96.875,6.99,0.766232908
HUN,Hungary,8,2016,21444000,10.02,15.855,13104.69955,2734,0.501419246,45569006,22.61961171,281.523333,164.4039277,0.438893586,96.875,7,0.603421926
HUN,Hungary,8,2017,22371081,9.59,16.698,14621.2396,3028.8,0.527887046,46815766,22.62067543,274.433333,165.2285156,0.566326261,96.875,7.02,0.651923478
HUN,Hungary,8,2018,55461747,9.386,16.743,16425.1013,3248.9,0.490057617,48310118,22.62067543,270.211667,163.2615433,0.584630907,96.875,7.01,0.574710011
HUN,Hungary,8,2019,58618707,9.507,16.596,16782.95246,3359.9,0.496053159,47922939,22.62067543,290.66,160.7825796,0.526654005,96.875,,0.6035496
HUN,Hungary,8,2020,29057279,,,16120.98905,1331.2,0.580902457,29932224,22.62067543,307.996667,155.5283775,0.512883842,96.875,,0.481681734
HUN,Hungary,8,2021,33049980,,,18728.12189,1713.52,,38810358,22.62067543,303.140833,162.7918598,,,,
ISL,Iceland,9,2009,651324,9,,41301.27322,583.834,,,19.69455409,123.638381,89.39474321,,94.375,3.7,
ISL,Iceland,9,2010,652465,9.7,7.343,43237.07295,645.226,,,19.69455409,122.241811,93.64639818,,94.375,3.58,
ISL,Iceland,9,2011,717882,10.3,7.57,47714.59223,799.95,,,19.72099352,115.95404,101.4087017,,94.375,3.29,
ISL,Iceland,9,2012,885004,11.1,6.903,45995.54788,843.077,1.490882277,,19.7313049,125.082787,104.0854755,1.684921026,96.875,3.25,1.119305968
ISL,Iceland,9,2013,1034169,11.9,6.792,49804.983,906.5,1.490203023,,20.38366353,122.179121,98.7895236,1.662045836,96.875,3.22,1.140070438
ISL,Iceland,9,2014,1249993,12.8,6.624,54576.74481,1034,1.491329551,,20.38445671,116.767353,96.66559189,1.708470225,96.875,3.16,1.217898369
ISL,Iceland,9,2015,1587085,14,6.504,52951.68151,1055.8,1.49173975,,20.38445671,131.918708,95.81820791,1.667194724,96.875,3.12,1.273734689
ISL,Iceland,9,2016,2146273,15.8,6.096,61987.92636,1321,1.385293365,,20.45848711,120.811548,88.33302364,1.5196594,100,3.13,1.276846528
ISL,Iceland,9,2017,2690465,16.9,6.376,72010.14903,1724.3,1.45318222,,20.45848711,106.839572,86.97894698,1.611072302,100,3.06,1.434839368
ISL,Iceland,9,2019,2597536,15.9,6.374,68853.71522,1721.9,1.517939806,,20.45928029,122.606774,84.20538586,1.767259002,100,2.83,1.373100042
ISL,Iceland,9,2020,488510,12,,59200.17794,524,1.523776293,,20.45928029,135.421712,69.45977112,1.799110055,100,,1.448037267
ISL,Iceland,9,2021,717131,11.6,,68727.63666,,,,20.45928029,126.98886,78.18088908,,,,
ITA,Italy,10,2008,70718861,,,40944.91242,37480.895,,,16.41915243,0.679923,54.4928758,,89.375,3.79,
ITA,Italy,10,2009,71692233,,,37226.75719,34231.798,,,17.0679032,0.716958,45.41876179,,89.375,3.69,
ITA,Italy,10,2010,73225218,8.427,20.088,36035.645,33237.9,,,17.08129211,0.754309,52.00618837,,89.375,3.64,
ITA,Italy,10,2011,75866002,,21.195,38649.63948,35634.7,,,17.08144121,0.718414,55.14552246,,89.375,3.52,
ITA,Italy,10,2012,76292848,,18.635,35051.52127,32923.8,0.452029914,,17.10747354,0.778338,55.65472084,0.430891246,89.375,3.42,0.749991417
ITA,Italy,10,2013,76762339,,17.911,35560.08141,33536.1,0.536670387,,17.25660034,0.752945,54.8675794,0.441266388,91.875,3.31,0.784713566
ITA,Italy,10,2014,77694032,,16.909,35565.72138,35578,0.475976586,126514603,17.70743979,0.752728,55.32211515,0.422637492,94.375,3.21,0.641882777
ITA,Italy,10,2015,81067635,8.3,17.81,30242.38614,30340.9,0.52170366,112859613,18.14011922,0.901296,56.41817616,0.314238101,94.375,3.2,0.728810668
ITA,Italy,10,2016,84924545,,15.557,30960.73151,30564.7,0.578503489,127857748,18.95397999,0.903421,55.36760281,0.393991888,94.375,3.17,0.710591853
ITA,Italy,10,2017,89931469,8.8,15.875,32406.72032,34623.4,0.527818978,121850635,20.12328796,0.885206,58.60417595,0.348825127,94.375,3.18,0.706221461
ITA,Italy,10,2018,93228621,,16.033,34622.16967,37757,0.441572338,145306940,20.69218239,0.846773,60.30355124,0.268829167,97.5,3.14,0.726011932
ITA,Italy,10,2019,95398764,8.85,15.848,33673.75096,37945.6,0.483174384,132857560,21.48725695,0.893276,59.87898022,0.303281367,97.5,,0.95505017
ITA,Italy,10,2020,38418831,,,31911.03579,13083.3,0.400363147,74653855,21.48725695,0.875506,55.28628621,0.24099344,97.5,,0.503024876
ITA,Italy,10,2021,40185649,,,35657.49756,,,73000115,21.48725695,0.845494,62.98312326,,,,
JPN,Japan,11,2008,8350835,6.873,,39876.30397,38964.9,,,20.97301046,103.359494,34.12947654,,76.25,13.71,
JPN,Japan,11,2009,6789658,6.861,,41308.99684,34719.8,,,20.99073458,93.570089,24.39016653,,76.25,13.62,
JPN,Japan,11,2010,8611175,6.939,11.717,44968.15623,39181.2,,631596000,21.01773598,87.779875,28.49847269,,78.75,13.51,
JPN,Japan,11,2011,6218752,6.907,12.885,48760.07895,39686.4,,612525000,21.02810471,79.80702,30.19496073,,78.75,13.4,
JPN,Japan,11,2012,8358105,6.874,13.317,49145.28043,40933.6,1.415493846,612750000,21.15375007,79.790455,30.47091092,1.357792616,78.75,13.35,1.143813372
JPN,Japan,11,2013,10363904,6.899,13.575,40898.6479,32227.1,1.618247628,630950000,21.3707341,97.595658,33.97876865,1.443609834,78.75,13.3,1.115992665
JPN,Japan,11,2014,13413467,9.75,13.924,38475.39525,28536.9,1.812477469,595221000,21.37272717,105.944781,37.43143457,1.601478219,78.75,13.21,1.142822742
JPN,Japan,11,2015,19737409,9.58,13.601,34960.63938,23254,1.784167647,604715000,21.37272717,121.044026,35.42740835,1.518584967,78.75,13.17,1.217742562
JPN,Japan,11,2016,24039700,9.63,13.544,39375.47316,25853.1,1.821532249,641079000,21.37272717,108.7929,31.31024685,1.421093106,78.75,13.11,1.428122044
JPN,Japan,11,2017,28691073,9.27,13.761,38834.05293,25772.6,1.619904518,647510000,21.37272717,112.166141,34.42321357,1.570620298,78.75,13.05,1.376554251
JPN,Japan,11,2018,31191856,9.49,13.658,39727.1166,28115.5,1.674601316,561779000,21.37272717,110.423179,36.63206385,1.534209728,78.75,12.98,1.342974067
JPN,Japan,11,2019,31882049,9.57,13.647,40458.00188,29130.3,1.586322188,587103000,21.37272717,109.009666,35.1798202,1.538248897,78.75,,1.327069998
JPN,Japan,11,2020,4115828,,,39918.16756,6814.7,1.596165657,293408000,21.37272717,106.774582,31.35871163,1.52513659,78.75,,1.353818893
JPN,Japan,11,2021,245862,,,39312.66037,,,268208000,21.37272717,109.754324,37.37998649,,,,
KOR,Korea,12,2008,6890841,,,21350.42798,21447,,245669452,14.66981263,1100.125833,95.51635243,,85,7.73,
KOR,Korea,12,2009,7817533,,,19143.85161,16354.4,,219585834,14.82914455,1277.245833,86.13361937,,85,8.19,
KOR,Korea,12,2010,8797658,,22.903,23087.22564,20787.2,,168147987,14.89402102,1156.46,91.3995965,,85,8.74,
KOR,Korea,12,2011,9794796,,25.516,25096.26388,22195.3,,156594347,14.9742105,1108.233333,105.5663136,,85,9.53,
KOR,Korea,12,2012,11140028,,25.842,25466.76052,22934.2,1.199196696,213468294,15.01072616,1126.806667,105.4583277,0.984159112,85,10.25,0.894159555
KOR,Korea,12,2013,12175550,,27.57,27182.73431,24458.4,1.125629306,231034535,15.14510018,1094.9825,97.95210495,0.953736246,85,10.92,0.991265535
KOR,Korea,12,2014,14201516,,28.209,29249.57522,26135.6,1.164611816,227099873,15.15660759,1052.84,90.6144419,0.993454456,85,11.59,1.110692978
KOR,Korea,12,2015,13231651,,27.004,28732.23108,27957.3,1.012076735,238297311,15.19973776,1130.9525,79.13249439,0.932270467,85,11.61,1.113388538
KOR,Korea,12,2016,17241823,,27.828,29288.87044,29817.3,1.063652635,241749955,15.22837038,1160.7675,73.60380947,1.160902739,85,11.98,1.114325166
KOR,Korea,12,2017,13335758,,26.901,31616.8434,34453.1,1.075107574,284966001,15.23507549,1131.000833,77.12091781,1.167173624,85,12.27,1.107530594
KOR,Korea,12,2018,15346879,,27.448,33436.92306,38021.7,1.181158543,311153000,15.39246434,1100.163333,78.98886551,1.236651063,85,12.43,1.102432013
KOR,Korea,12,2019,17502756,,27.447,31902.4169,35339.5,1.376087666,344750000,16.61116326,1165.3575,75.75713897,1.194277525,85,,1.069907546
KOR,Korea,12,2020,2519118,,,31721.29891,16705.1,1.415868878,225199000,16.93645167,1180.265833,69.03404509,1.183163404,85,,1.03329742
KOR,Korea,12,2021,967003,,,34997.78164,,,,16.93645167,1143.958333,80.49233995,,,,
MEX,Mexico,13,2008,92947651,5.912,,10119.83621,10245.5,,,12.53856581,11.129717,57.77703093,,75,1.03,
MEX,Mexico,13,2009,88044043,6.009,,8104.907579,8737.6,,,13.32124064,13.513475,55.96776976,,77.5,1.02,
MEX,Mexico,13,2010,81953292,6.018,21.484,9399.970908,9000.6,,,13.47908635,12.636008,60.76031847,,77.5,1.05,
MEX,Mexico,13,2011,75731791,5.953,24.59,10341.52105,9704.2,,,13.64552637,12.423325,63.46967792,,77.5,1.04,
MEX,Mexico,13,2012,76748670,5.856,22.704,10376.05767,10734.4,0.342506975,,13.73148783,13.169458,65.76724582,-0.534059465,77.5,1.03,0.477123797
MEX,Mexico,13,2013,78100171,5.88,23.508,10865.6802,11970.2,0.345308721,,13.88113908,12.771992,63.76487661,-0.544545531,85.625,1.03,0.468943089
MEX,Mexico,13,2014,81042075,5.867,21.961,11076.09245,12555.8,0.195912376,,13.90482168,13.29245,64.9253579,-0.422921777,88.75,1.03,0.425959051
MEX,Mexico,13,2015,87128633,5.854,22.042,9753.380048,12668,0.209291697,,13.91266226,15.848267,71.08909011,-0.447167277,88.75,1,0.357725561
MEX,Mexico,13,2016,94853116,5.85,21.213,8875.062256,12823.2,0.131667122,,14.13846734,18.664058,76.06220914,-0.556373537,88.75,1,0.287121862
MEX,Mexico,13,2017,99349286,5.889,20.365,9434.386487,13647.4,0.051024076,,14.2525832,18.926517,77.1157445,-0.558605909,88.75,0.99,0.278705359
MEX,Mexico,13,2018,96497026,5.811,20.361,9857.028829,14073.9,-0.157621875,,14.28349053,19.244342,80.55938423,-0.636506438,88.75,0.98,0.158226088
MEX,Mexico,13,2019,97406037,5.795,20.108,10145.17018,12299.8,-0.156786993,,14.28824268,19.263633,77.89734695,-0.658005357,88.75,,0.103778169
MEX,Mexico,13,2020,51128042,5.349,,8655.000682,4285.7,-0.155060858,,14.28824268,21.485608,76.90035371,-0.670107961,88.75,,0.076778121
MEX,Mexico,13,2021,55301421,,,10045.6805,,,,14.28824268,20.272408,83.61527162,,,,
NZL,New Zealand,14,2008,2447235,8.5,,31252.96256,3976.2,,,30.71724689,1.422727,64.40873045,,91.875,,
NZL,New Zealand,14,2009,2447532,8.5,,28209.36233,3370.6,,,31.64994317,1.600877,55.14572301,,91.875,2.41,
NZL,New Zealand,14,2010,2510759,8.2,6.294,33676.77412,3878,,,31.74249447,1.387834,58.2516155,,91.875,2.75,
NZL,New Zealand,14,2011,2594196,8,6.105,38387.62708,4391.7,,,31.81033661,1.265811,59.24046473,,91.875,2.82,
NZL,New Zealand,14,2012,2554784,7.6,6.228,39973.38076,4714.5,1.800851941,,32.05822643,1.234284,57.02311381,1.890485048,91.875,2.83,1.852507234
NZL,New Zealand,14,2013,2710416,7.5,6.257,42976.64959,4865.5,1.758012414,,32.11848621,1.219408,56.01714828,1.878848672,91.875,2.78,1.828891277
NZL,New Zealand,14,2014,2853520,7.3,6.049,44572.89875,5127.6,1.932077765,,32.86159034,1.205433,55.16462686,2.008719444,91.875,2.76,1.950351477
NZL,New Zealand,14,2015,3129312,7.8,6.004,38630.72659,4539.4,1.884017944,,33.19428283,1.433975,54.87702671,2.001248598,91.875,2.72,1.920747995
NZL,New Zealand,14,2016,3494336,8.3,6.078,40058.19616,4945.4,1.842496276,,33.21526733,1.436525,52.48994548,1.954640388,94.375,2.74,2.03827548
NZL,New Zealand,14,2017,3723344,8,5.984,42924.9956,5566.4,1.769038081,,33.27053872,1.407408,54.1811667,1.927888989,94.375,2.73,2.091940165
NZL,New Zealand,14,2018,3857716,8.3,6.035,43250.44097,5827.9,1.669031978,,33.34686111,1.445258,55.78776928,1.876398325,94.375,2.62,2.006682396
NZL,New Zealand,14,2019,3888473,8.1,6.05,42865.23364,5586,1.670557261,,33.36265769,1.517875,54.33886785,1.885100603,94.375,2.57,1.881057024
NZL,New Zealand,14,2020,996350,7.9,,41596.5055,1525.3,1.589406252,,33.36315653,1.542058,44.22141026,1.883366704,97.5,,1.877043724
NZL,New Zealand,14,2021,206862,5.2,,48781.02663,,,,33.36315653,1.4138,49.10124637,,,,
POL,Poland,15,2008,59935000,,,13996.02515,10398.299,,,38.19102977,2.409242,80.90576094,,70,6.62,
POL,Poland,15,2009,53840000,,,11526.05589,7781.381,,,38.84344013,3.120142,75.2677976,,76.25,6.65,
POL,Poland,15,2010,58340000,,27.365,12504.25019,8943.6,,,38.84658992,3.0153,82.55322205,,78.75,6.61,
POL,Poland,15,2011,60745000,,27.158,13776.61155,8641.1,,,39.51110818,2.962848,87.2838706,,85,6.63,
POL,Poland,15,2012,67390000,,24.682,13010.92339,8935.5,0.659814119,,39.5179279,3.256542,89.26763723,0.779871345,85,6.63,0.960483611
POL,Poland,15,2013,72310000,,23.776,13558.41406,8938.5,0.662097037,,39.52948675,3.160617,90.77936307,0.799631536,84.375,6.61,1.046450496
POL,Poland,15,2014,73750000,,24.017,14182.1375,9171.3,0.748834908,,39.53619089,3.154542,92.5686483,0.820153713,84.375,6.63,1.054908037
POL,Poland,15,2015,77743000,,22.865,12560.05142,8281.1,0.727468133,,39.53665324,3.7695,92.81878885,0.783025324,84.375,6.63,1.000137687
POL,Poland,15,2016,80476000,,21.916,12378.75944,8489.1,0.6533463,,39.53697111,3.942783,97.53993757,0.609927595,84.375,6.64,0.95199573
POL,Poland,15,2017,83804000,,22.89,13815.6218,9463.6,0.567833424,,39.55121739,3.779333,101.2812224,0.441421688,93.75,6.62,0.881160975
POL,Poland,15,2018,85947000,,22.865,15504.58048,10512.9,0.562984765,95973099,39.56534808,3.611717,103.4504958,0.420490921,93.75,6.54,0.942550242
POL,Poland,15,2019,88515000,,22.766,15699.91135,10230.5,0.534801006,,39.57395943,3.839375,102.6887138,0.431260377,93.75,,1.013398647
POL,Poland,15,2020,51076000,,,15816.9894,5611.7,0.376499236,,39.57395943,3.899742,100.3242114,0.539886177,93.75,,0.88599664
POL,Poland,15,2021,51026000,,,17999.90995,,,80670927.11,39.57395943,3.861917,112.4455972,,,,
SVK,Slovak Republic,16,2008,19204559,4.969,,18753.58494,2570.046,,2316116,34.92788694,0.709069,162.0708566,,81.875,6.59,
SVK,Slovak Republic,16,2009,13427573,5.48,,16597.20846,2334.084,,2083279,34.93981826,0.716958,136.240691,,81.875,6.54,
SVK,Slovak Republic,16,2010,12215875,5.321,21.662,16908.84796,2220.59,,2065722,35.04591516,0.754309,153.4540512,,91.25,6.46,
SVK,Slovak Republic,16,2011,18228309,5.643,22.805,18509.74022,2525.974,,2110732,37.52322272,0.718414,167.9941753,,94.375,6.05,
SVK,Slovak Republic,16,2012,20374817,5.915,20.519,17498.3539,2335.37,0.787865698,2246562,37.57333423,0.778338,176.1664778,0.490958482,94.375,5.91,1.046937823
SVK,Slovak Republic,16,2013,12582754,6.72,19.813,18276.00955,2524.8,0.730013072,2378557,37.57333423,0.752945,181.3506831,0.46858421,94.375,5.8,0.934125245
SVK,Slovak Republic,16,2014,11556126,6.94,19.487,18719.98814,2584,0.797525346,2252693,37.57333423,0.752728,178.0334967,0.485531986,94.375,5.79,0.889779747
SVK,Slovak Republic,16,2015,14935596,6.88,19.284,16390.88217,2267.2,0.768340111,2609056,37.57333423,0.901296,180.188032,0.492606848,94.375,5.75,0.788661957
SVK,Slovak Republic,16,2016,17376100,6.9,18.03,16563.4405,2419.3,0.830218911,2996620,37.59462703,0.903421,184.0334455,0.625269055,94.375,5.78,0.889051914
SVK,Slovak Republic,16,2017,15405545,6.97,18.41,17585.197,2593.8,0.70370692,3213091,37.59517771,0.885206,188.0591134,0.542975068,94.375,5.82,0.826119244
SVK,Slovak Republic,16,2018,15299514,6.97,18.659,19486.39368,2837.8,0.617310703,3340380,37.59517771,0.846773,189.8040297,0.502118826,94.375,5.7,0.808280587
SVK,Slovak Republic,16,2019,16086663,7.55,18.526,19383.48104,2799.8,0.585226417,3957840,37.59517771,0.893276,183.4783674,0.528444886,94.375,,1.006870985
ESP,Spain,17,2008,97669791,10.811,,35510.72223,27034.826,,392901246.8,26.37432958,0.679923,55.98333004,,97.5,3.2,
ESP,Spain,17,2009,91899197,11.297,,32169.50285,22617.432,,365253113.9,26.67450497,0.716958,46.99487433,,97.5,3.16,
ESP,Spain,17,2010,93744178,11.493,11.795,30532.48051,22878.699,,354424812,26.68991575,0.754309,52.92824056,,97.5,3.11,
ESP,Spain,17,2011,99187138,11.73,12.742,31677.90031,23757.895,,347695122.4,26.77310195,0.718414,58.79317104,,97.5,3.05,
ESP,Spain,17,2012,98128079,11.779,11.463,28322.94659,21827.656,1.063575864,372811203.6,26.77735014,0.778338,60.84507479,1.043725133,97.5,2.99,0.952990532
ESP,Spain,17,2013,103230810,12.157,10.628,29077.18206,16415.5,1.173922777,398422953.5,26.78556211,0.752945,61.97631572,1.031751275,97.5,2.96,0.939044297
ESP,Spain,17,2014,107614333,12.702,10.09,29513.65118,18030.4,1.178316712,462760815.9,26.90579105,0.752728,63.83826195,0.968260944,97.5,2.97,0.750494957
ESP,Spain,17,2015,109833674,12.999,10.819,25754.36103,17446,1.188100815,345599102,27.84707493,0.901296,64.18320514,0.914864242,97.5,2.98,0.807636738
ESP,Spain,17,2016,115561077,13.345,9.82,26537.15949,18815.1,1.129903316,370396769,27.86417431,0.903421,63.73988263,0.997172773,97.5,2.97,1.008603692
ESP,Spain,17,2017,121717286,13.689,10.022,28185.32137,22154.2,1.038661003,418689167,28.09082116,0.885206,66.65706087,1.059366107,97.5,2.97,0.945230782
ESP,Spain,17,2018,124455667,13.48,10.033,30379.72111,26447.5,1.004938841,425452142,28.11787445,0.846773,67.57494025,1.013061881,97.5,2.97,0.948624969
ESP,Spain,17,2019,126170086,13.52,9.993,29581.51855,27777.5,1.001175284,394810312,28.12846825,0.893276,66.87389052,1.025826097,97.5,,1.050283313
ESP,Spain,17,2020,36409971,12.153,,26959.67544,8649.9,0.894953728,235089456,28.12846825,0.875506,60.14316778,0.901961207,97.5,,0.767696321
ESP,Spain,17,2021,51631377,11.973,,30103.51373,,,320698458.8,28.12846825,0.845494,68.38177657,,,,
SWE,Sweden,18,2011,19404572,3.1,7.615,60755.75955,16411.3,,,13.59145766,6.493543,85.7910274,,96.875,2.7,
SWE,Sweden,18,2012,20011206,3.3,6.285,58037.82132,16569.9,1.92010355,,13.63519903,6.775016,85.28225106,1.935624361,96.875,2.66,1.907862067
SWE,Sweden,18,2013,18803032,3.2,6.281,61126.9432,18299.2,1.797162414,,13.68290672,6.513972,80.81566528,1.959462166,100,2.59,1.905513167
SWE,Sweden,18,2014,19945119,3.2,6.558,60020.36046,18363.2,1.687708735,,13.73976044,6.860785,82.93353169,1.979652286,100,2.54,1.8113904
TUR,Turkiye,19,2008,31137774,,,10802.78061,4509,,,,1.301522,50.5482539,,80,2.58,
TUR,Turkiye,19,2009,31759816,,,8989.502589,5061,,100460000,,1.54996,46.78706695,,80,2.62,
TUR,Turkiye,19,2010,32997308,,,10615.32806,5830.5,,111501000,,1.502849,46.69446523,,80,2.74,
TUR,Turkiye,19,2011,36769039,,,11308.0649,5386.3,,104171000,,1.674955,53.30417564,,80,2.62,
TUR,Turkiye,19,2012,37715225,,,11697.48051,4597.2,0.40841198,106226000,,1.796001,52.83080266,0.036302641,80,2.66,0.420095414
TUR,Turkiye,19,2013,39860771,,,12507.59451,5262.9,0.381138682,112161000,,1.903768,52.5272988,0.066890433,80,2.65,0.429084003
TUR,Turkiye,19,2014,41627246,6.945,,12020.58264,5472.1,0.364953011,115088000,,2.188542,53.76630117,0.005033673,80,2.68,0.399492174
TUR,Turkiye,19,2015,41114069,7.238,,10851.95413,5698.7,0.222704828,115381000,,2.720009,51.0885436,-0.113107942,82.5,2.68,0.27088061
TUR,Turkiye,19,2016,30906680,7.24,,10734.37997,5025,0.048244637,106501000,,3.020135,48.32818623,-0.20876044,82.5,2.75,0.196142539
TUR,Turkiye,19,2017,37969824,7.318,,10464.1014,4620,0.073263489,120872000,,3.648133,55.76216875,-0.254828662,82.5,2.81,0.035843607
TUR,Turkiye,19,2018,46112592,7.733,,9400.778214,5002.9,0.006252287,126446000,,4.82837,62.55436948,-0.3175219,82.5,2.85,0.015110237
TUR,Turkiye,19,2019,51747199,8.134,,9103.043375,5259.228,0.047889322,124639000,,5.673819,62.68872896,-0.282656252,82.5,,-0.007641004
TUR,Turkiye,19,2020,15971201,6.9,,8561.070948,1410.086,-0.044045087,67142000,,7.008605,60.95593104,-0.358621627,82.5,,-0.010659666
TUR,Turkiye,19,2021,30038961,6.6,,9661.235975,2093.236,,75883000,,8.850408,70.8349232,,,,
GBR,United Kingdom,20,2008,31888121,5.22,,47429.93634,88203.2,,,26.96855815,0.543966,56.40528814,,91.875,3.33,
GBR,United Kingdom,20,2009,31071974,5.665,,38821.17958,66017.3,,,26.98428461,0.641919,54.59049077,,91.875,3.26,
GBR,United Kingdom,20,2010,30398472,4.979,12.388,39693.19387,66228,,,28.30711641,0.647179,58.80663441,,95,2.93,
GBR,United Kingdom,20,2011,31885975,5.377,12.951,42150.69814,69401.7,,1668635000,28.43828102,0.624141,63.15719581,,95,2.88,
GBR,United Kingdom,20,2012,32220996,5.42,11.389,42485.58607,70815.3,1.599284053,1836019000,28.45363831,0.633047,61.8899501,1.73644352,95,2.81,1.645116329
GBR,United Kingdom,20,2013,33566566,5.01,11.367,43449.09172,81724.5,1.519579887,1710910000,28.46589462,0.639661,61.65552748,1.697654128,95,2.76,1.770620227
GBR,United Kingdom,20,2014,35336723,4.33,10.828,47447.58893,85691,1.629748344,1699240000,28.49668305,0.60773,58.8573174,1.879010439,95,2.73,1.825785756
GBR,United Kingdom,20,2015,36792219,5.03,10.323,45071.07432,83944.1,1.735867262,1879162000,28.50122378,0.654545,56.91302125,1.80554378,97.5,2.61,1.845658064
GBR,United Kingdom,20,2016,39128869,4.67,10.153,41146.07736,81729,1.609553814,1953655000,28.50738885,0.740634,59.25621955,1.678407311,97.5,2.57,1.76070869
GBR,United Kingdom,20,2017,41080214,,10.287,40621.33448,66446,1.469661713,1914080000,28.55921973,0.776977,62.7995672,1.686236978,97.5,2.54,1.717482805
GBR,United Kingdom,20,2018,40283203,,10.104,43306.3083,70878.9,1.398905993,1821600000,28.60455329,0.749532,63.99979605,1.642385602,97.5,2.5,1.7771523
GBR,United Kingdom,20,2019,40857448,,10.022,42747.08046,71880,1.48273766,1775780000,28.61057069,0.783445,64.13015313,1.60670197,97.5,2.46,1.62598598
GBR,United Kingdom,20,2020,11100507,,,40318.55757,,1.376631975,,28.6130441,0.78,58.11615884,1.496935487,97.5,,1.481054544
GBR,United Kingdom,20,2021,6194242,,,46510.28278,,,,28.6130441,0.727065,56.67033423,,,,
USA,United States,21,2008,175702309,3.8,,48570.04598,119133,,1964900000,11.21898095,1,29.86779579,,83.75,3.13,
USA,United States,21,2009,160507417,3.599,,47194.94335,115126,,1900100000,11.28037319,1,24.75953117,,83.75,3.08,
USA,United States,21,2010,164079732,3.622,9.231,48650.64313,123833,,1963700000,11.44620589,1,28.21989523,,83.75,3.05,
USA,United States,21,2011,167600277,3.721,9.272,50065.9665,130607,,1997500000,11.45426189,1,30.84248624,,83.75,2.97,
USA,United States,21,2012,171320408,3.751,8.882,51784.41857,138167,1.529178858,2030300000,11.48357963,1,30.68183537,1.627197504,83.75,2.93,1.300953865
USA,United States,21,2013,177662210,3.838,8.655,53291.12769,132324,1.523827672,2059600000,11.49262938,1,30.00236714,1.557141542,83.75,2.89,1.268005729
USA,United States,21,2014,177953450,3.843,8.445,55123.84979,140228,1.467511415,2109300000,11.54542252,1,29.99799978,1.610409498,83.75,2.83,1.281424522
USA,United States,21,2015,176864210,3.88,8.178,56762.72945,144667,1.463184357,2178700000,11.57669896,1,27.8122335,1.595975041,83.75,2.8,1.256154537
USA,United States,21,2016,175261885,3.893,7.391,57866.74493,147639,1.476339936,2205144000,11.74605809,1,26.58699936,1.618123889,83.75,2.77,1.497076154
USA,United States,21,2017,174291631,3.9,7.758,59907.75426,158290,1.557018042,2241000000,11.74607423,1,27.27916102,1.649322152,83.75,2.87,1.631051183
USA,United States,21,2018,169324644,3.946,7.788,62823.30944,176817,1.575724125,2278000000,11.74607708,1,27.61037927,1.514515162,91.25,,1.620526075
USA,United States,21,2019,165477034,3.869,7.676,65120.39466,186080,1.48884511,2318000000,11.74607708,1,26.45194947,1.461360335,91.25,,1.345472336
USA,United States,21,2020,53556920,2.634,,63530.63348,48840,1.318941951,1580000000,11.74607708,1,23.38376188,1.368086338,91.25,,1.244659185
USA,United States,21,2021,46344402,,,70248.629,74121,,2040000000,11.74607708,1,25.48140027,,,,
BGR,Bulgaria,22,2008,8533000,,,7271.395837,1956.796,,,40.61250598,1.337117,124.6887475,,91.25,6.61,
BGR,Bulgaria,22,2009,7873000,,,6988.23342,1403.046,,,40.67166639,1.406692,92.6926456,,93.75,6.72,
BGR,Bulgaria,22,2010,8374000,,,6853.002854,977.244,,,40.67174721,1.477392,103.4115842,,93.75,6.62,
BGR,Bulgaria,22,2011,8713000,,,7849.165283,1058.375,,,40.70464104,1.406458,117.4562893,,90.625,6.45,
BGR,Bulgaria,22,2012,8867000,,,7432.478766,1100.583,0.071768813,,40.83144798,1.52205,123.9935614,-0.103794597,90.625,6.61,0.563258588
BGR,Bulgaria,22,2013,9191782,,,7681.93462,1344.908,0.073386706,,40.86733216,1.473567,129.7326591,-0.13022767,90.625,6.82,0.538901448
BGR,Bulgaria,22,2014,9408821,,,7901.785876,1454.196,-0.000148566,,40.86733216,1.474183,130.2872904,-0.076363221,90.625,7.13,0.568319023
BGR,Bulgaria,22,2015,9316624,,,7074.681023,1345.361,0.114859708,,40.87056497,1.7644,126.7009424,-0.125640333,90.625,7.24,0.563768148
BGR,Bulgaria,22,2016,10604396,,,7569.478815,1631.197,0.20847562,,40.87056497,1.768042,122.8338242,-0.105167568,90.625,7.27,0.658517718
BGR,Bulgaria,22,2017,11596167,,,8366.293221,2035.411,0.19285956,,40.87080743,1.735458,129.676597,-0.088320315,90.625,7.45,0.625818312
BGR,Bulgaria,22,2018,12368363,,,9446.717094,2247.284,0.203070149,,40.89343709,1.657042,128.8516588,-0.069814198,90.625,,0.586534321
BGR,Bulgaria,22,2019,12552152,,,9879.334343,2196.22,0.263389736,,41.01563728,1.747042,124.6395998,-0.006326791,90.625,,0.531100154
BGR,Bulgaria,22,2020,4973356,,,10129.81296,1252.491,-0.072219908,,41.01563728,1.716333,110.28183,-0.087077931,90.625,,0.518923163
BGR,Bulgaria,22,2021,7188363,,,12221.49661,,,,41.01563728,1.653775,120.9740812,,,,
CHL,Chile,23,2008,3700268,5.958,,10783.17156,1386,,,16.07401055,522.461036,80.67662624,,75,2.28,
CHL,Chile,23,2009,3656662,6.343,,10182.86047,1511.1,,,16.14216259,560.859895,66.68603096,,75,2.27,
CHL,Chile,23,2010,3584276,6.258,,12767.78121,1736.2,,,16.22575496,510.249167,69.71768014,,75,2.04,
CHL,Chile,23,2011,3962917,6.201,,14628.57246,2084.6,,,16.22837803,483.6675,72.48164281,,75,2.22,
CHL,Chile,23,2012,4397337,6.128,,15406.49294,2399.7,1.263929367,,16.22837803,486.471303,68.15614289,1.391817808,77.5,2.17,1.538509488
CHL,Chile,23,2013,4457152,6.081,,15833.2752,2499,1.264630795,,16.2305361,495.272878,65.14328795,1.367733479,77.5,2.17,1.491448998
CHL,Chile,23,2014,4600705,6.024,,14666.34353,2706.3,1.161197066,,16.38414051,570.348216,65.63462812,1.433073401,77.5,2.12,1.494420648
CHL,Chile,23,2015,5487218,6.243,,13569.9478,2518.7,1.085781813,,16.43800876,654.124084,59.34911048,1.343956947,77.5,2.14,1.345231652
CHL,Chile,23,2016,6712334,6.36,,13785.68833,2733.2,1.010371804,62980083.59,16.44088221,676.957736,56.05786109,1.12933135,77.5,2.12,1.37306428
CHL,Chile,23,2017,7621269,6.461,,15045.52768,3093.8,0.996162355,63772786.28,16.44307605,648.833793,56.02615897,1.149239421,77.5,2.11,1.350113392
CHL,Chile,23,2018,6603248,7.245,,15795.70846,3123.7,1.075469732,73343708.23,17.1481445,641.276813,58.17705063,1.091852427,77.5,2.06,1.335477352
CHL,Chile,23,2019,5431054,7.197,,14631.94688,3141.7,1.060289383,74459318.45,20.89482587,702.897423,57.52797385,1.074586272,77.5,,1.223730803
CHL,Chile,23,2020,1310432,5.801,,13094.45953,719.5,0.988735676,54425236.22,20.91142273,792.727206,58.50415982,1.067766666,80,,1.052092791
CHL,Chile,23,2021,191567,6.07,,16265.09598,579.849,,68377322.81,20.91142273,758.955379,64.43223875,,,,
CHN,China (People's Republic of),24,2008,130027400,,,3468.304602,36157,,1712000000,0.768437618,6.948655,57.61271534,,69.375,2.13,
CHN,China (People's Republic of),24,2009,126475900,,,3832.236432,43701.7,,1902000000,0.768470892,6.831416,45.18487038,,69.375,2.29,
CHN,China (People's Republic of),24,2010,133760900,,,4550.453108,54880,,2103000000,0.778484448,6.770269,50.71707766,,69.375,2.47,
CHN,China (People's Republic of),24,2011,135423500,,,5614.352135,72585.1,,2641000000,0.834450585,6.461461,50.74090459,,69.375,2.69,
CHN,China (People's Republic of),24,2012,132405300,,,6300.615118,101977,0.023326388,2957000000,0.835141733,6.312333,48.26752237,-0.542861938,75.625,3.01,-0.240819559
COL,Colombia,25,2010,1700690,8.057,,6394.198705,3227.6,,,15.22885514,1898.569636,34.26460317,,73.125,1.48,
COL,Colombia,25,2011,2355578,7.989,,7392.452361,3688.4,,,15.36028916,1848.13947,39.47042355,,73.125,1.45,
COL,Colombia,25,2012,2434618,8.13,,8101.829092,4461.1,0.022852471,,15.40059381,1796.895912,38.83515102,-0.353853554,78.75,1.48,0.400676638
COL,Colombia,25,2013,2594785,8.202,,8264.126896,4592.2,0.07121294,,15.48682848,1868.785327,37.9866488,-0.405946195,78.75,1.54,0.402892888
COL,Colombia,25,2014,2865988,8.292,,8164.714495,5298.7,-0.100936159,,15.79203947,2001.781048,37.48746564,-0.291996509,78.75,1.59,0.496234596
COL,Colombia,25,2015,3252276,0.028,,6228.426299,4889.6,-0.036394712,72255835.51,16.02374801,2741.880855,38.36076412,-0.26849696,78.75,1.61,0.46542725
COL,Colombia,25,2016,3675415,0.031,,5938.463856,4890.1,0.015215691,75698335.57,16.12164982,3054.121673,36.20265298,-0.278923213,78.75,1.68,0.402009279
COL,Colombia,25,2017,4056359,0.032,,6450.319585,5135.2,-0.075080015,78333764.41,16.38717342,2951.327402,35.28291494,-0.362957895,81.875,1.7,0.341135412
COL,Colombia,25,2018,4397588,0.031,,6782.03792,5531,-0.086005241,81083923.53,17.00556307,2955.70397,36.5347528,-0.406234682,81.875,1.71,0.31767413
COL,Colombia,25,2019,4530574,0.035,,6438.060183,5658,0.070711903,83855655,17.17517259,3280.831631,37.55853398,-0.416837841,81.875,,0.396563739
COL,Colombia,25,2020,1395969,0.021,,5307.215228,1540.1,0.040288609,32436129.8,17.17888879,3694.854072,33.90423132,-0.491235614,81.875,,0.317109406
COL,Colombia,25,2021,2178850,0.023,,6104.136709,,,42973818.1,17.17888879,3743.589819,40.85118592,,,,
CRI,Costa Rica,26,2008,2408879,,,6841.91146,752.9,,,29.30894646,526.235513,86.40151271,,80,1.25,
CRI,Costa Rica,26,2009,2309221,,,6737.860245,499.6,,,29.33242533,573.287957,69.75931773,,80,1.24,
CRI,Costa Rica,26,2010,2494750,,,8147.243985,629.1,,,30.49453192,525.829201,67.51208968,,80,1.24,
CRI,Costa Rica,26,2011,2528123,6.56,,9137.455823,620.5,,,30.49733536,505.66424,68.63914651,,80,1.23,
CRI,Costa Rica,26,2012,2542430,6.56,,9971.650902,646.9,0.500010371,,30.49873709,502.901462,67.0485393,0.519661665,80,1.2,0.571751058
CRI,Costa Rica,26,2013,2640577,6.734,,10633.26725,648.7,0.48224771,,30.52081423,499.766833,64.06641059,0.551591456,80,1.18,0.583298206
CRI,Costa Rica,26,2014,2759683,6.476,,10737.67888,657,0.396314383,,30.53886142,538.3172,65.19124205,0.560420513,80,1.17,0.514857173
CRI,Costa Rica,26,2015,2899257,6.729,,11529.95453,898.1,0.375325322,,30.53886142,534.56577,60.75356194,0.504643083,80,1.16,0.525764585
CRI,Costa Rica,26,2016,3203691,6.767,,11899.81326,1055.3,0.355187267,,30.53886142,544.739367,62.17847818,0.466016471,80,1.15,0.407433659
CRI,Costa Rica,26,2017,3230388,6.784,,12118.13341,1321.5,0.30632773,,30.53886142,567.51309,65.07195374,0.469250798,80,1.14,0.346358687
CRI,Costa Rica,26,2018,3312917,6.63,,12383.14997,1198.2,0.376206785,,30.53886142,576.972501,66.94534202,0.481021464,80,1.11,0.488578111
CRI,Costa Rica,26,2019,3378301,6.93,,12669.34107,1450.7,0.42255947,,30.62121267,587.294596,65.76053002,0.544549525,83.125,1.1,0.497144371
CRI,Costa Rica,26,2020,1146546,5.3,,12132.87688,677.5,0.362212569,,30.63014866,584.900855,60.10507193,0.569912374,86.25,,0.449865669
CRI,Costa Rica,26,2021,1376326,6.2,,12472.44373,,,,30.63014866,620.78472,70.60613362,,,,
EGY,Egypt,27,2008,12800000,13,,1941.899973,3389.9,,,,,71.68062535,,38.75,2.08,
EGY,Egypt,27,2009,12500000,12.6,,2212.218148,2941,,17750605,,,56.55344464,,38.75,1.73,
EGY,Egypt,27,2010,14700000,12.8,,2509.772034,2695.4,,18190352,,,47.93635007,,38.75,1.73,
EGY,Egypt,27,2011,9800000,13,,2645.622535,2574.1,,16481153,,,45.25563416,,38.75,,
EGY,Egypt,27,2012,11500000,13,,3059.135428,3037,-0.808571041,16724942,,,40.71176927,-0.472359061,38.75,,-0.475141346
EGY,Egypt,27,2013,9500000,14.1,,3088.890834,3260.3,-0.877744973,19548564,,,40.37303806,-0.633335888,38.75,,-0.640083671
EGY,Egypt,27,2014,9900000,16.5,,3196.861381,3485.4,-0.823197663,20052946,,,36.92018779,-0.662616909,38.75,1.56,-0.762560308
EGY,Egypt,27,2015,9327804,16.2,,3370.382447,3635.9,-0.769718289,20547863,,,34.84594296,-0.601353526,45,1.56,-0.835592747
EGY,Egypt,27,2016,5398934,,,3331.612461,4351.3,-0.659670889,,,,30.24654905,-0.517458081,45,1.43,-0.9231897
EST,Estonia,28,2008,3828144,3.5,,18204.96648,933.456,,,18.79847746,0.683499,136.6890511,,81.875,5.63,
EST,Estonia,28,2009,3833704,3.3,,14711.73527,692.165,,,18.83980134,0.719481,116.7647477,,88.125,5.37,
EST,Estonia,28,2010,4368591,3.3,,14663.04461,723.4,,,18.9331774,0.754595,143.6782241,,91.25,5.27,
EST,Estonia,28,2011,4906905,3,,17487.80478,939.2,,,19.01721585,0.718414,167.3919798,,91.25,5.36,
EST,Estonia,28,2012,5006771,3.1,,17403.20533,960.3,0.954409301,,19.05337424,0.778338,170.7599264,1.157048702,91.25,5.53,1.417085648
EST,Estonia,28,2013,5736988,3.8,,19056.00192,1243.3,0.974820852,,19.06171849,0.752945,166.4528345,1.198387623,91.25,5.01,1.447542191
EST,Estonia,28,2014,5803974,4.1,,20261.06673,1346.9,1.016517043,,19.14337287,0.752728,160.2414747,1.372823954,91.25,5.01,1.676558495
EST,Estonia,28,2015,5695724,4.1,,17402.03761,1169.6,1.067657948,10258900,19.15350517,0.901296,150.9371897,1.331784725,91.25,4.96,1.66903913
EST,Estonia,28,2016,5941673,4.1,,18295.34293,1297.5,1.090463161,,19.15847198,0.903421,150.4086967,1.226433396,97.5,4.76,1.698142052
EST,Estonia,28,2017,6145293,3.9,,20437.76538,1391.6,1.111728549,,19.27568874,0.885206,147.5637224,1.285827518,97.5,4.69,1.645035863
EST,Estonia,28,2018,6032823,4.3,,23165.84948,1649.9,1.190436959,12615900,19.39906434,0.846773,145.9202961,1.240727663,97.5,4.57,1.55177021
EST,Estonia,28,2019,6102646,4.4,,23424.48471,1809.2,1.174427509,,20.04335916,0.893276,143.7545303,1.281483412,97.5,,1.59125483
EST,Estonia,28,2020,1695329,3.6,,23595.24368,680.7,1.343335748,,20.04335916,0.875506,138.4663387,1.382245541,97.5,,1.535387754
EST,Estonia,28,2021,1301587,3.3,,27943.70122,,,7466364,20.04335916,0.845494,156.9580491,,,,
IDN,Indonesia,29,2008,6234497,6.84,,2144.389544,8801.09,,,12.21857282,9698.9625,58.56139963,,64.375,,
IDN,Indonesia,29,2009,6323730,6.68,,2239.095265,6907.92,,,12.26338106,10389.9375,45.51212137,,64.375,0.59,
IDN,Indonesia,29,2010,7002944,6.87,,3094.44309,8431.45,,,12.26424339,9090.433333,46.70127388,,64.375,0.57,
IDN,Indonesia,29,2011,7649731,7.75,,3613.800902,8653.25,,,12.42767582,8770.433333,50.18001318,,64.375,0.62,
IDN,Indonesia,29,2012,8044462,8.37,,3668.21207,9054.39,-0.273001045,,12.43567373,9386.629167,49.5828983,-0.575652182,64.375,0.83,-0.278762519
IDN,Indonesia,29,2013,8802129,,,3602.885517,10280.36,-0.198950753,,12.44953268,10461.24,48.63737268,-0.530824125,64.375,0.99,-0.195440874
IDN,Indonesia,29,2014,9435411,,,3476.624853,10262.64,-0.037572529,,12.46076672,11865.2113,48.08017559,-0.342276067,64.375,0.94,-0.10765975
IDN,Indonesia,29,2015,10230775,,,3322.581688,9799.937,-0.240880117,,12.47894208,13389.41294,41.93764024,-0.422174186,64.375,0.98,-0.217557788
IDN,Indonesia,29,2016,11519275,,,3558.818852,9932.172,0.007411122,,12.49985133,13308.3268,37.4213418,-0.344885677,64.375,0.99,-0.122343853
IDN,Indonesia,29,2017,14039799,,,3839.785069,10945.136,0.038375661,,12.50843677,13380.83388,39.35549707,-0.349676013,64.375,1.04,-0.105156198
IDN,Indonesia,29,2018,15810305,,,3902.661668,13171.025,0.180582836,,12.51502274,14236.93877,43.07430896,-0.315493047,64.375,,-0.146969602
IDN,Indonesia,29,2019,16106954,,,4151.227543,14448.615,0.182051226,722158733,12.51502274,14147.67136,37.62777754,-0.342421323,64.375,,-0.094393574
IDN,Indonesia,29,2020,4052923,,,3894.272202,1980.372,0.36916241,524571392,12.51502274,14582.20347,32.97559557,-0.338744402,64.375,,0.077658564
IDN,Indonesia,29,2021,1557530,,,4332.709281,,,603020000,12.51502274,14308.1439,40.42276773,,,,
ISR,Israel,30,2008,3028000,3.3,,30173.36159,4446.2,,,21.45800765,3.588021,76.09772307,,77.5,3.3,
ISR,Israel,30,2009,2738325,3.2,,28317.04084,4240.998,,,21.79101332,3.932335,62.59776255,,77.5,3.19,
ISR,Israel,30,2010,3443966,3.4,,31266.60532,4725.6,,,22.65665484,3.738975,66.44032353,,77.5,3.16,
ISR,Israel,30,2011,3362030,3.4,,34354.71612,4937,,,22.68956568,3.578129,69.65640342,,77.5,3.14,
ISR,Israel,30,2012,3520400,3.4,,33156.22832,5008.8,1.276886344,,22.69086479,3.855922,70.73576047,0.934508562,77.5,3.1,1.177436233
ISR,Israel,30,2013,3539666,3.6,,36941.84236,5757.9,1.249439836,,22.92124062,3.610758,64.64420848,0.977955759,77.5,3.09,1.166610837
ISR,Israel,30,2014,3251100,3.7,,38259.6811,6534.3,1.21068716,,23.01997312,3.577925,62.16371876,1.107591152,80.625,3.08,1.216221213
ISR,Israel,30,2015,3108600,3.7,,36206.52222,7507,1.387448072,,23.02127223,3.886833,59.21230011,1.162157178,80.625,3.03,1.272597909
ISR,Israel,30,2016,3069800,3.6,,37690.47395,8210.3,1.345055103,,23.06197774,3.840567,58.04398655,1.072230935,80.625,2.99,1.31262958
ISR,Israel,30,2017,3863400,3.72,,41114.78171,8986,1.388273954,,23.31227329,3.599556,56.56038393,1.024877191,80.625,3.02,1.274343371
ISR,Israel,30,2018,4389600,3.61,,42406.84543,9974.7,1.206715822,,23.63705125,3.590558,58.91495792,0.994009554,80.625,2.98,1.246310472
ISR,Israel,30,2019,4904600,3.8,,44452.23256,10389.5,1.325324774,,23.93411482,3.564527,56.3464191,1.047763944,80.625,,1.281104684
ISR,Israel,30,2020,887100,3,,44846.7916,,1.096136808,,23.93411482,3.442406,50.88337705,0.997390449,80.625,,1.241640449
ISR,Israel,30,2021,402300,2.7,,52170.71186,,,,23.93411482,3.230198,54.96292529,,,,
KAZ,Kazakhstan,31,2008,543022,3.91,,8458.017154,1361.035,,1258065,10.43528391,,94.29480465,,70,7.71,
KAZ,Kazakhstan,31,2009,513580,3.97,,7165.223175,1319.462,,1792504,10.84456113,,75.76606746,,70,7.61,
KAZ,Kazakhstan,31,2010,594161,4.11,,9070.488253,1488.549,,1954707,10.91540672,,74.1382659,,72.5,7.29,
KAZ,Kazakhstan,31,2011,584253,3.97,,11634.0012,1830.507,,2261529,10.94535558,,73.11785705,,72.5,7.11,
KAZ,Kazakhstan,31,2012,519222,4.15,,12386.69927,3609.205,-0.440329939,2507005,11.67335181,,73.72373249,-0.68457824,72.5,7.01,-0.375081778
KAZ,Kazakhstan,31,2013,586038,4.13,,13890.63096,3772.142,-0.533050358,2721714,11.67340571,,65.40760933,-0.691657245,72.5,6.72,-0.366891176
KAZ,Kazakhstan,31,2014,679018,4.85,,12807.26069,3771.043,-0.043055475,3125429,11.67340571,,64.97203465,-0.598151326,72.5,6.06,-0.251587749
KAZ,Kazakhstan,31,2015,692213,5.08,,10510.77189,3046.157,-0.0735818,3110012,11.67353887,,53.04972881,-0.439407408,72.5,,-0.032958414
KAZ,Kazakhstan,31,2016,722515,4.84,,7714.841844,2579.918,-0.067261234,3495267,11.68574226,,60.31159659,-0.435235411,69.375,,-0.099700734
KAZ,Kazakhstan,31,2017,891911,5.15,,9247.581331,2694.666,0.003675675,4387495,11.68574226,,56.82538794,-0.414091885,69.375,,0.170910835
KAZ,Kazakhstan,31,2018,830922,5.33,,9812.626371,2852.235,0.021726105,4695942,11.79880668,,63.52795651,-0.429556847,69.375,,0.123732254
LVA,Latvia,32,2008,5496000,7.54,,16467.14369,1243.7,,,18.02628618,0.68414,91.17645536,,97.5,7.77,
LVA,Latvia,32,2009,4727000,7.69,,12331.92855,903,,,18.10959237,0.719333,86.41245309,,97.5,6.74,
LVA,Latvia,32,2010,5042000,7.7,,11420.994,773.6,,,18.16997539,0.754798,108.6047806,,97.5,5.68,
LVA,Latvia,32,2011,5538000,7.26,,13338.96224,924,,,18.16997539,0.713191,125.4904462,,97.5,5.88,
LVA,Latvia,32,2012,5569000,8.25,,13847.33794,866.2,0.838323414,12149383,18.16997539,0.778133,128.2284417,0.785437644,97.5,5.89,1.016594887
LVA,Latvia,32,2013,5822000,7.78,,15007.49186,897.4,0.889054239,12150783,18.17109359,0.753256,125.1578552,0.767766774,97.5,5.8,1.043865919
LVA,Latvia,32,2014,6246000,8.47,,15742.39134,890.1,0.958376408,11412593,18.17109359,0.752728,125.2309022,0.872307301,100,5.66,1.171654105
LVA,Latvia,32,2015,6841685,8.23,,13786.4568,803.3,1.089123607,10690591,18.17109359,0.901296,122.2525393,0.794479907,100,5.69,1.088799953
LVA,Latvia,32,2016,6796999,8.91,,14331.75159,883.3,1.004883766,12197333,18.17109359,0.903421,118.8648137,0.959022224,100,5.72,1.080243349
LVA,Latvia,32,2017,7725814,8.43,,15695.11515,920.8,0.9060058,12532316,18.17109359,0.885206,123.8089012,0.934731066,100,5.57,1.157014728
LVA,Latvia,32,2018,7775228,8.48,,17865.03109,1012,1.041863441,10948159,18.17123337,0.846773,123.5823616,0.957085431,100,5.49,1.142372966
LVA,Latvia,32,2019,8342335,8.3,,17945.22222,975.1,1.104713202,10415938,18.18395293,0.893276,120.2879397,1.014090538,100,,1.192788959
LVA,Latvia,32,2020,3203582,7.65,,18207.13964,363.3,0.882272065,6153263,18.18395293,0.875506,118.831064,0.95673722,100,,1.187872887
LVA,Latvia,32,2021,1936762,7.08,,21148.16294,,,8281854,18.18395293,0.845494,130.366019,,,,
LTU,Lithuania,33,2008,4458800,4,,14944.99665,,,19951015,16.5440773,0.682656,126.8490876,,91.25,7.18,
LTU,Lithuania,33,2009,4001300,4.1,,11820.77616,,,16825126,16.90024629,0.719426,105.3387783,,91.25,7.18,
LTU,Lithuania,33,2010,4073000,4.3,,11987.50841,940.5,,14373933,16.910109,0.754846,129.8873829,,91.25,7.16,
LTU,Lithuania,33,2011,4504300,4.5,,14376.94786,973.1,,14187881,16.93744369,0.718576,148.4472191,,91.25,7.43,
LTU,Lithuania,33,2012,4978100,4.4,,14367.70942,1059.3,0.83328408,13854686,16.9399441,0.778004,155.8431607,0.85037291,93.75,7.45,1.123942614
LTU,Lithuania,33,2013,5263500,4.6,,15729.65247,1245.1,0.831752479,13575045,16.9399441,0.753304,155.8867909,0.835919261,93.75,7.31,1.154192686
LTU,Lithuania,33,2014,5217400,4.8,,16551.0182,1245.7,0.982484162,13894335,16.98050625,0.753097,142.7216428,0.939102829,93.75,7.26,1.193722606
LTU,Lithuania,33,2015,5048600,4.8,,14263.96458,1124.3,1.184609294,14147570,16.98106189,0.901296,138.5523173,1.007931232,93.75,6.97,1.277035117
LTU,Lithuania,33,2016,5321800,4.8,,15008.31324,1212.1,1.069675207,14224119,16.98106189,0.903421,134.4538584,1.029407263,93.75,6.69,1.136218548
LTU,Lithuania,33,2017,5590300,4.9,,16885.40739,1307.9,0.967596352,14247013,16.98106189,0.885206,144.8733554,0.996106744,93.75,6.56,1.158649683
LTU,Lithuania,33,2018,6115300,4.9,,19186.35959,1606.8,1.07082653,14677600,17.00259317,0.846773,148.5947801,0.957460165,93.75,6.43,1.101966023
LTU,Lithuania,33,2019,6149700,5.1,,19595.14157,1589.7,1.043069243,14784900,17.00481575,0.893276,149.3315725,1.023039103,93.75,,1.157464623
LTU,Lithuania,33,2020,2284300,4.7,,20339.52127,597.3,1.058810353,11389100,17.00481575,0.875506,137.1975758,0.993899405,93.75,,1.088133097
LTU,Lithuania,33,2021,2095900,,,23723.34025,,,11592600,17.00481575,0.845494,156.4650539,,,,
MLT,Malta,34,2008,1817985,13.94,,22205.28275,307.506,,142291.438,24.7360913,0.679923,298.818885,,77.5,7.39,
MLT,Malta,34,2009,1593798,14.24,,21083.12592,290.924,,159036.997,24.79315264,0.716958,294.9533517,,77.5,4.83,
MLT,Malta,34,2010,1800353,13.68,,21799.16274,309.522,,158217.767,25.04992867,0.754309,301.8369084,,77.5,4.52,
MLT,Malta,34,2011,1859849,13.93,,23155.56281,332.677,,143885.236,25.67760342,0.718414,319.7036652,,77.5,4.38,
MLT,Malta,34,2012,1959805,14.115,,22527.75911,340.469,1.247823477,153607.89,28.64479315,0.778338,322.6749949,1.344914556,82.5,4.71,1.327935815
MLT,Malta,34,2013,1962430,15.24,,24770.93408,383.826,1.257978559,148662.082,28.64479315,0.752945,304.3301487,1.332989335,82.5,4.78,1.298450828
MLT,Malta,34,2014,2114943,14.517,,26754.26233,397.286,1.028201342,155483.744,28.64479315,0.752728,287.6404109,1.193569422,88.75,4.59,1.083088994
MLT,Malta,34,2015,2313150,14.065,,24921.579,368.247,0.850118935,157266.67,28.64479315,0.901296,299.469825,1.135465741,88.75,4.59,1.168855309
MLT,Malta,34,2016,2533834,15.456,,25624.46364,408.115,0.955411732,151389.106,28.75891583,0.903421,303.0120196,0.997803688,88.75,4.67,1.156792164
MLT,Malta,34,2017,2840312,15.037,,28823.52512,467.688,1.006661773,167109.25,28.78744651,0.885206,290.7652754,1.14733243,88.75,4.49,1.284920692
MLT,Malta,34,2018,3152891,15.255,,31567.94224,517.76,0.967163682,184577,28.78744651,0.846773,272.9965264,1.054074049,88.75,,1.336544037
MLT,Malta,34,2019,3382515,16.902,,31198.24145,529.6,0.858118594,201076,29.10128388,0.893276,275.2902569,0.952384651,88.75,,0.955732524
MLT,Malta,34,2020,717394,16.553,,28977.56557,128.04,1.039464593,219321,29.10128388,0.875506,291.5013883,0.916260242,88.75,,1.219250917
MLT,Malta,34,2021,984092,15.64,,33486.67198,,,245245,29.10128388,0.845494,287.6734349,,,,
PER,Peru,35,2008,2581562,,,4184.885982,1431.833,,85259006,15.94512015,,58.43376739,,90,1.5,
PER,Peru,35,2009,2680943,,,4164.970483,1403.259,,88333470,16.7531614,,48.11192962,,90,1.6,
PER,Peru,35,2010,2948230,,,5047.249307,1647.486,,91690495,17.8404796,,51.67280894,,92.5,1.5,
PER,Peru,35,2011,3299121,3.22,,5826.832307,1768.166,,94480614,18.78469808,,55.98828028,,92.5,1.53,
PER,Peru,35,2012,3641762,3.23,,6475.68607,1899.674,-0.145010471,97941270,19.28761558,,52.61989526,-0.57435298,92.5,1.52,0.491973072
PER,Peru,35,2013,4010318,3.22,,6697.185268,2104.779,-0.114955746,102015612,19.29219593,,49.78714245,-0.56602329,92.5,1.51,0.458948016
PER,Peru,35,2014,4061747,3.23,,6614.933339,2118.55,-0.267190009,106920488,19.294448,,46.85312109,-0.521166086,92.5,1.56,0.520909846
PER,Peru,35,2015,4381185,3.82,,6180.194957,2539.103,-0.277245134,111968030,20.65349009,,45.16276869,-0.485533535,92.5,1.55,0.491347045
PER,Peru,35,2016,4718052,3.84,,6163.791026,2699.919,-0.178817317,117413565,20.69674361,,45.3888412,-0.482175827,95,1.59,0.508346438
PER,Peru,35,2017,4992660,3.92,,6676.284221,2916.184,-0.130112097,121066527,20.73695511,,47.51355036,-0.503339052,95,1.59,0.418376654
PER,Peru,35,2018,5384658,4.01,,6912.110297,3352.195,-0.246899545,128839115,21.63801708,,48.63147017,-0.529063344,95,,0.49744001
PER,Peru,35,2019,5275266,4.07,,6955.809959,3670.781,-0.06787055,134994791,21.76290626,,46.94350538,-0.487109482,95,,0.563605547
PER,Peru,35,2020,1118845,2.2,,6056.343903,744.385,-0.23746331,47069554,21.76566417,,43.53000756,-0.342974901,95,,0.526472867
PER,Peru,35,2021,444331,,,6621.574336,1520.804,,64508951,21.76566417,,55.50360019,,,,
ROU,Romania,36,2008,8862119,4.56,,10435.04398,2173.797,,5659416,15.10288851,2.518858,65.17481466,,90.625,6.57,
ROU,Romania,36,2009,7575298,4.63,,8548.118672,1468.793,,4865545,19.91824867,3.049325,58.47283377,,90.625,6.62,
ROU,Romania,36,2010,7498307,4.71,,8397.809173,1637.152,,4726414,19.92017663,3.1779,69.83323164,,90.625,6.28,
ROU,Romania,36,2011,7611124,6.64,,9560.184513,1964.565,,5514907,21.88222525,3.048608,76.14260683,,90.625,6.31,
ROU,Romania,36,2012,7936694,6.43,,8930.729912,1831.913,,6030053,22.29679936,3.4682,76.53923335,,90.625,6.6,
ROU,Romania,36,2013,8018576,6.07,,9497.25499,2112.275,,6225798,25.24462288,3.327917,81.40162118,,90.625,6.67,
ROU,Romania,36,2014,8441603,5.97,,10031.26727,2749.404,,6551339,25.24462288,3.349175,83.37870793,,90.625,6.71,
ROU,Romania,36,2015,9331056,6.16,,8976.880535,2523.08,,7681896,25.24466068,4.005667,83.52116278,,90.625,6.79,
ROU,Romania,36,2016,10222889,6.45,,9404.341874,2913.152,,8521698,25.30491884,4.059183,85.89397864,,90.625,6.84,
ROU,Romania,36,2017,10925597,6.32,,10727.94969,4926.647,,9383266,25.30491884,4.052492,87.15615667,,90.625,6.89,
ROU,Romania,36,2018,11720425,6.31,,12494.47747,6121.489,,10108509,25.43722972,3.941617,86.4706703,,90.625,,
ROU,Romania,36,2019,12815430,6.27,,12958.07556,7177.809,,10691195,25.4393467,4.237925,84.50306102,,90.625,,
ROU,Romania,36,2020,5022723,6.06,,13047.43206,3474.523,,5944775,25.4393467,4.243992,78.05911338,,90.625,,
ROU,Romania,36,2021,6788816,,,14858.22943,,,8527409,25.4393467,4.160417,87.35839435,,,,
RUS,Russia,37,2014,25437893,,,14095.64844,55382,-0.109696537,,11.05801129,38.378207,47.80134126,-0.74155736,73.125,8.81,-0.388623774
RUS,Russia,37,2015,26851658,,,9313.013672,38431.8,-0.204702631,,11.18078993,60.93765,49.35934931,-0.763703406,73.125,8.35,-0.520778894
RUS,Russia,37,2016,24570518,,,8704.898438,27653.9,-0.197434574,,11.18342021,67.055933,46.51811984,-0.792356253,73.125,8.16,-0.41556263
RUS,Russia,37,2017,24390002,,,10720.33301,35583.9,-0.07567852,,11.30566091,58.342801,46.87652434,-0.793687701,73.125,8.05,-0.474159628
RUS,Russia,37,2018,24550910,,,11287.36035,38790.5,-4.42E-05,,11.3904803,62.668133,51.58090037,-0.782328665,73.125,7.12,-0.50282234
RUS,Russia,37,2019,24418749,,,11536.25098,40610.5,0.150180608,,11.44630451,64.737658,49.22875366,-0.723612428,73.125,,-0.431600213
ZAF,South Africa,38,2008,9592000,4.3,,6251.894833,6905.38,,242200000,7.387298619,8.261223,65.9745238,,78.75,2.39,
ZAF,South Africa,38,2009,9532000,4.2,,6444.167068,6420.83,,244900000,7.412890979,8.473674,49.58753533,,78.75,,
ZAF,South Africa,38,2010,11304000,4.4,,8059.587017,8138.55,,257400700,7.434462942,7.321222,50.40608716,,78.75,2.3,
ZAF,South Africa,38,2011,12097000,4.4,,8737.079774,8397.41,,300800000,7.446318335,7.261132,54.63635044,,78.75,,
ZAF,South Africa,38,2012,13069000,4.5,,8173.869138,7144.71,0.345521539,350200000,7.497738251,8.209969,55.58261719,0.110426664,81.875,,0.381753206
ZAF,South Africa,38,2013,14318000,4.4,,7441.230854,6490.32,0.438224852,278700000,7.540654331,9.655056,58.87502763,0.158077776,81.875,,0.41997546
ZAF,South Africa,38,2014,14529000,4.5,,6965.137897,6313.212,0.340795279,273884000,7.764304509,10.852656,59.49957406,0.182703584,88.125,,0.287685692
ZAF,South Africa,38,2015,13952000,4,,6204.929901,5734.731,0.291525155,248903000,7.828197209,12.758931,56.72667614,0.088137113,88.125,,0.279378563
ZAF,South Africa,38,2016,15121000,4,,5735.066787,5354.391,0.30616653,149486000,8.110970001,14.709611,55.8612575,0.116158336,88.125,,0.21184352
ZAF,South Africa,38,2017,14976000,3.6,,6734.475153,6067.963,0.290857315,152200000,8.155650057,13.323801,53.53593183,-0.04251916,88.125,,0.233725116
ZAF,South Africa,38,2018,15004000,3.7,,7048.522211,6347.762,0.332628518,133650000,8.430654002,13.233926,54.62771158,-0.102256127,88.125,,0.129722193
ZAF,South Africa,38,2019,14797000,4.7,,6688.787271,5866.453,0.367656112,264980185,8.488402185,14.448427,54.05476639,-0.076162301,88.125,,0.156192899
ZAF,South Africa,38,2020,3886000,,,5741.643129,1594.026,0.299396396,125076661,8.64374972,16.459105,50.80098153,-0.115416586,88.125,,0.203908667
ZAF,South Africa,38,2021,2664000,,,7055.044776,1669,,83597018.44,8.64374972,14.778678,56.21797968,,,,
SVK,Slovak Republic,39,2008,1766529,4.969,,18753.58494,2570.046,,2316116,34.92788694,0.709069,162.0708566,,81.875,6.59,
SVK,Slovak Republic,39,2009,1298075,5.48,,16597.20846,2334.084,,2083279,34.93981826,0.716958,136.240691,,81.875,6.54,
SVK,Slovak Republic,39,2010,1326639,5.321,21.662,16908.84796,2220.59,,2065722,35.04591516,0.754309,153.4540512,,91.25,6.46,
SVK,Slovak Republic,39,2011,1460361,5.643,22.805,18509.74022,2525.974,,2110732,37.52322272,0.718414,167.9941753,,94.375,6.05,
SVK,Slovak Republic,39,2012,1527500,5.915,20.519,17498.3539,2335.37,0.787865698,2246562,37.57333423,0.778338,176.1664778,0.490958482,94.375,5.91,1.046937823
SVK,Slovak Republic,39,2013,1669948,6.72,19.813,18276.00955,2524.8,0.730013072,2378557,37.57333423,0.752945,181.3506831,0.46858421,94.375,5.8,0.934125245
SVK,Slovak Republic,39,2014,1475017,6.94,19.487,18719.98814,2584,0.797525346,2252693,37.57333423,0.752728,178.0334967,0.485531986,94.375,5.79,0.889779747
SVK,Slovak Republic,39,2015,1721193,6.88,19.284,16390.88217,2267.2,0.768340111,2609056,37.57333423,0.901296,180.188032,0.492606848,94.375,5.75,0.788661957
SVK,Slovak Republic,39,2016,2027009,6.9,18.03,16563.4405,2419.3,0.830218911,2996620,37.59462703,0.903421,184.0334455,0.625269055,94.375,5.78,0.889051914
SVK,Slovak Republic,39,2017,2162384,6.97,18.41,17585.197,2593.8,0.70370692,3213091,37.59517771,0.885206,188.0591134,0.542975068,94.375,5.82,0.826119244
SVK,Slovak Republic,39,2018,2256027,6.97,18.659,19486.39368,2837.8,0.617310703,3340380,37.59517771,0.846773,189.8040297,0.502118826,94.375,5.7,0.808280587
SVK,Slovak Republic,39,2019,2475094,7.55,18.526,19383.48104,2799.8,0.585226417,3957840,37.59517771,0.893276,183.4783674,0.528444886,94.375,,1.006870985
SVK,Slovak Republic,39,2020,854011,,,19545.74282,1338,0.544079423,2355996,37.59517771,0.875506,168.5135185,0.67851913,85,,0.78447789
SVK,Slovak Republic,39,2021,575687,,,21391.92533,1552.82,,2148900,37.59517771,0.845494,187.8274785,,,,
SRB,Serbia,40,2008,646494,,,7101.040141,1448.21,,1619672,,55.72925,78.67948804,,90.625,5.34,
SRB,Serbia,40,2009,645022,,,6169.114195,1105.117,,1373444,,67.604933,66.0218198,,93.75,5.35,
SRB,Serbia,40,2010,682681,,,5735.422857,1102.353,,1317916,,77.722842,76.73116805,,96.875,5.4,
SRB,Serbia,40,2011,764167,,,6809.159804,1263.55,,1304443,,73.355433,78.80903918,,96.875,5.43,
SRB,Serbia,40,2012,809967,,,6015.945228,1187.555,-0.101980895,1269676,,87.958808,85.4708271,-0.356285602,96.875,5.44,-0.063378148
SRB,Serbia,40,2013,921768,,,6755.073675,1289.398,-0.086901478,1270667,,85.158842,87.92027138,-0.326166719,96.875,5.5,-0.061157309
SRB,Serbia,40,2014,1028732,,,6600.056809,1359.859,0.089274086,1163536,,88.405308,92.23141853,-0.149773985,96.875,5.52,0.141216069
SRB,Serbia,40,2015,1132221,3.653,,5588.980728,1253.644,0.110845268,1304944,,108.811425,97.39576666,-0.117257588,93.75,5.58,0.155341968
SRB,Serbia,40,2016,1281426,3.81,,5765.200762,1351.098,0.079421036,1472165,,111.27785,101.860025,-0.159360006,93.75,5.59,0.05629956
SRB,Serbia,40,2017,1497173,3.9,,6292.543629,1549.183,0.117754214,1588693,,107.75885,107.5277191,-0.196215823,93.75,5.61,0.009559208
SRB,Serbia,40,2018,1710514,4.12,,7252.401858,1837.317,0.121277623,1720008,,100.175075,109.4948657,-0.184353024,93.75,,0.12922062
SRB,Serbia,40,2019,1846551,4.24,,7417.203649,1999.313,0.048476152,1843432,,105.249558,111.9545975,-0.162167385,93.75,,0.132152274
SRB,Serbia,40,2020,445711,4.31,,7733.802869,1178.363,0.032404829,1374310,,103.163292,104.7190149,-0.184857979,93.75,,0.120263651
SRB,Serbia,40,2021,871239,4.34,,9230.178316,,,1720054,,99.395942,116.7625097,,,,
SAU,Saudi Arabia,41,2015,21834119,,,19977.79469,,0.199655294,54116846,4.760008175,3.75,71.12015408,0.117725581,31.875,2.2,0.025131069
SAU,Saudi Arabia,41,2016,20887060,,,19300.05001,,0.260996133,49875264,4.760008175,3.75,61.86202854,0.337564737,31.875,2.23,0.079331204
SAU,Saudi Arabia,41,2017,18606929,,,20138.14633,,0.258944839,46909950,4.760008175,3.75,64.18500825,0.100902483,31.875,2.24,0.000782094
SAU,Saudi Arabia,41,2018,17569899,,,23318.73817,,0.321486056,46511963,4.760008175,3.75,64.23214225,0.141825408,38.125,,-0.0758674
SAU,Saudi Arabia,41,2019,20292205,,,22430.23823,,0.30617404,53074143,4.760008175,3.75,62.81614644,0.168532342,70.625,,-0.068177871
SAU,Saudi Arabia,41,2020,4881780,,,19539.56581,,0.146086872,48399094,4.760008175,3.75,52.07658885,0.240632579,80,,0.264395386
SAU,Saudi Arabia,41,2021,3869166,,,23185.87079,,,72930114,4.760008175,3.75,59.11648471,,,,
